{
  "metadata": {
    "timestamp": "2026-04-16T16:46:53.013476",
    "total_candidates": 50,
    "top_k_returned": 10,
    "scoring_weights": {
      "confidence": 0.4,
      "stability_score": 0.3,
      "collision_free": 0.3
    },
    "timings_s": {
      "step01_input": 0.2988,
      "step02_pointcloud": 0.084,
      "step03_segmentation": 0.3316,
      "step04_candidates": 0.0413,
      "step05_scoring": 0.0334,
      "step06_collision": 0.1091,
      "step07_stability": 0.0787,
      "step08_ranking": 0.0003,
      "step09_physics": 0.004
    }
  },
  "top_grasps": [
    {
      "rank": 1,
      "position": {
        "x": 0.10724572092294693,
        "y": -0.1310780942440033,
        "z": 0.5440000295639038
      },
      "orientation": {
        "roll": 0.0,
        "pitch": -1.2168619632720947,
        "yaw": 0.605789840221405
      },
      "gripper_width": 0.03999999910593033,
      "confidence": 0.9819471129183073,
      "stability_score": 0.01071327180719668,
      "collision_free_score": 1.0,
      "final_score": 0.6959928267094819,
      "collision_status": "clear",
      "physics_validated": false,
      "physics_score": 0.6959928267094819
    },
    {
      "rank": 2,
      "position": {
        "x": 0.10724572092294693,
        "y": -0.1310780942440033,
        "z": 0.5440000295639038
      },
      "orientation": {
        "roll": 0.7853981852531433,
        "pitch": -1.2168619632720947,
        "yaw": 0.605789840221405
      },
      "gripper_width": 0.03999999910593033,
      "confidence": 0.9819471129183073,
      "stability_score": 0.005897405214936289,
      "collision_free_score": 1.0,
      "final_score": 0.6945480667318038,
      "collision_status": "clear",
      "physics_validated": false,
      "physics_score": 0.6945480667318038
    },
    {
      "rank": 3,
      "position": {
        "x": 0.20697999000549316,
        "y": -0.02053999900817871,
        "z": 0.5529999732971191
      },
      "orientation": {
        "roll": 0.0,
        "pitch": -1.0894830226898193,
        "yaw": -1.5542198419570923
      },
      "gripper_width": 0.03999999910593033,
      "confidence": 0.820583545802183,
      "stability_score": 0.08730988468976583,
      "collision_free_score": 1.0,
      "final_score": 0.6544263837278029,
      "collision_status": "clear",
      "physics_validated": false,
      "physics_score": 0.6544263837278029
    },
    {
      "rank": 4,
      "position": {
        "x": 0.2518714368343353,
        "y": 0.13619714975357056,
        "z": 0.652999997138977
      },
      "orientation": {
        "roll": 0.0,
        "pitch": 1.414154052734375,
        "yaw": 2.009596109390259
      },
      "gripper_width": 0.03999999910593033,
      "confidence": 0.762326712089428,
      "stability_score": 0.08359783484602801,
      "collision_free_score": 1.0,
      "final_score": 0.6300100352895797,
      "collision_status": "clear",
      "physics_validated": false,
      "physics_score": 0.6300100352895797
    },
    {
      "rank": 5,
      "position": {
        "x": 0.218299999833107,
        "y": -0.01850000023841858,
        "z": 0.5550000071525574
      },
      "orientation": {
        "roll": 0.0,
        "pitch": -1.2695765495300293,
        "yaw": -1.8899680376052856
      },
      "gripper_width": 0.03999999910593033,
      "confidence": 0.7887738816877296,
      "stability_score": 0.025823660218898696,
      "collision_free_score": 1.0,
      "final_score": 0.6232566507407614,
      "collision_status": "clear",
      "physics_validated": false,
      "physics_score": 0.6232566507407614
    },
    {
      "rank": 6,
      "position": {
        "x": 0.218299999833107,
        "y": -0.01850000023841858,
        "z": 0.5550000071525574
      },
      "orientation": {
        "roll": 0.7853981852531433,
        "pitch": -1.2695765495300293,
        "yaw": -1.8899680376052856
      },
      "gripper_width": 0.03999999910593033,
      "confidence": 0.7887738816877296,
      "stability_score": 0.017077901368136986,
      "collision_free_score": 1.0,
      "final_score": 0.620632923085533,
      "collision_status": "clear",
      "physics_validated": false,
      "physics_score": 0.620632923085533
    },
    {
      "rank": 7,
      "position": {
        "x": 0.11630476266145706,
        "y": 0.16931810975074768,
        "z": 0.5680000185966492
      },
      "orientation": {
        "roll": 0.0,
        "pitch": -1.1140999794006348,
        "yaw": -2.0891642570495605
      },
      "gripper_width": 0.03999999910593033,
      "confidence": 0.6982362570543617,
      "stability_score": 0.034117661249064714,
      "collision_free_score": 1.0,
      "final_score": 0.589529801196464,
      "collision_status": "clear",
      "physics_validated": false,
      "physics_score": 0.589529801196464
    },
    {
      "rank": 8,
      "position": {
        "x": 0.11630476266145706,
        "y": 0.16931810975074768,
        "z": 0.5680000185966492
      },
      "orientation": {
        "roll": 0.7853981852531433,
        "pitch": -1.1140999794006348,
        "yaw": -2.0891642570495605
      },
      "gripper_width": 0.03999999910593033,
      "confidence": 0.6982362570543617,
      "stability_score": 0.026175767499720306,
      "collision_free_score": 1.0,
      "final_score": 0.5871472330716607,
      "collision_status": "clear",
      "physics_validated": false,
      "physics_score": 0.5871472330716607
    },
    {
      "rank": 9,
      "position": {
        "x": 0.15746285021305084,
        "y": 0.06260571628808975,
        "z": 0.6639999747276306
      },
      "orientation": {
        "roll": 0.0,
        "pitch": 1.3340070247650146,
        "yaw": 2.9860498905181885
      },
      "gripper_width": 0.03999999910593033,
      "confidence": 0.2766095608471298,
      "stability_score": 0.03763015575418405,
      "collision_free_score": 1.0,
      "final_score": 0.42193287106510713,
      "collision_status": "clear",
      "physics_validated": false,
      "physics_score": 0.42193287106510713
    },
    {
      "rank": 10,
      "position": {
        "x": 0.15746285021305084,
        "y": 0.06260571628808975,
        "z": 0.6639999747276306
      },
      "orientation": {
        "roll": 0.7853981852531433,
        "pitch": 1.3340070247650146,
        "yaw": 2.9860498905181885
      },
      "gripper_width": 0.03999999910593033,
      "confidence": 0.2766095608471298,
      "stability_score": 0.0191320743841515,
      "collision_free_score": 1.0,
      "final_score": 0.4163834466540974,
      "collision_status": "clear",
      "physics_validated": false,
      "physics_score": 0.4163834466540974
    }
  ]
}